"행정구역","2016년_총인구수","2016년_세대수","2016년_세대당 인구","2016년_남자 인구수","2016년_여자 인구수","2016년_남여 비율","2017년_총인구수","2017년_세대수","2017년_세대당 인구","2017년_남자 인구수","2017년_여자 인구수","2017년_남여 비율","2018년_총인구수","2018년_세대수","2018년_세대당 인구","2018년_남자 인구수","2018년_여자 인구수","2018년_남여 비율","2019년_총인구수","2019년_세대수","2019년_세대당 인구","2019년_남자 인구수","2019년_여자 인구수","2019년_남여 비율","2020년_총인구수","2020년_세대수","2020년_세대당 인구","2020년_남자 인구수","2020년_여자 인구수","2020년_남여 비율","2021년_총인구수","2021년_세대수","2021년_세대당 인구","2021년_남자 인구수","2021년_여자 인구수","2021년_남여 비율","2022년_총인구수","2022년_세대수","2022년_세대당 인구","2022년_남자 인구수","2022년_여자 인구수","2022년_남여 비율","2023년_총인구수","2023년_세대수","2023년_세대당 인구","2023년_남자 인구수","2023년_여자 인구수","2023년_남여 비율","2024년_총인구수","2024년_세대수","2024년_세대당 인구","2024년_남자 인구수","2024년_여자 인구수","2024년_남여 비율","2025년_총인구수","2025년_세대수","2025년_세대당 인구","2025년_남자 인구수","2025년_여자 인구수","2025년_남여 비율"
"경기도 경기도 성남시 (4113000000)","974,580","394,087","          2.47","483,374","491,206","          0.98","967,510","396,403","          2.44","479,225","488,285","          0.98","954,347","398,412","          2.40","472,506","481,841","          0.98","942,724","400,460","          2.35","466,644","476,080","          0.98","940,064","407,912","          2.30","465,407","474,657","          0.98","930,948","409,320","          2.27","461,131","469,817","          0.98","922,518","408,195","          2.26","456,882","465,636","          0.98","919,747","409,602","          2.25","455,137","464,610","          0.98","913,009","410,242","          2.23","451,408","461,601","          0.98","905,794","409,252","          2.21","447,380","458,414","          0.98"
"경기도 경기도 성남시 수정구 (4113100000)","232,841","104,855","          2.22","118,343","114,498","          1.03","236,932","107,823","          2.20","120,180","116,752","          1.03","234,133","108,396","          2.16","118,563","115,570","          1.03","234,678","110,333","          2.13","118,631","116,047","          1.02","241,701","115,709","          2.09","122,204","119,497","          1.02","235,988","114,620","          2.06","119,517","116,471","          1.03","230,460","113,458","          2.03","116,886","113,574","          1.03","235,942","116,390","          2.03","119,496","116,446","          1.03","234,877","116,838","          2.01","118,695","116,182","          1.02","232,389","116,200","          2.00","117,449","114,940","          1.02"
"경기도 성남시 수정구 신흥1동(4113151000)","14,495","7,773","          1.86","7,491","7,004","          1.07","14,267","7,822","          1.82","7,361","6,906","          1.07","13,834","7,738","          1.79","7,164","6,670","          1.07","13,671","7,770","          1.76","7,093","6,578","          1.08","13,510","7,887","          1.71","7,091","6,419","          1.10","13,436","7,956","          1.69","7,096","6,340","          1.12","13,192","7,949","          1.66","6,948","6,244","          1.11","12,665","7,707","          1.64","6,704","5,961","          1.12","12,292","7,590","          1.62","6,559","5,733","          1.14","12,046","7,440","          1.62","6,439","5,607","          1.15"
"경기도 성남시 수정구 신흥2동(4113152000)","22,154","9,078","          2.44","11,209","10,945","          1.02","11,333","4,485","          2.53","5,730","5,603","          1.02","10,237","3,952","          2.59","5,122","5,115","          1.00","9,925","3,810","          2.60","4,913","5,012","          0.98","20,144","7,666","          2.63","9,874","10,270","          0.96","20,263","7,733","          2.62","9,885","10,378","          0.95","19,883","7,626","          2.61","9,659","10,224","          0.94","28,895","11,370","          2.54","14,072","14,823","          0.95","31,411","12,249","          2.56","15,225","16,186","          0.94","31,635","12,313","          2.57","15,368","16,267","          0.94"
"경기도 성남시 수정구 신흥3동(4113153000)","11,090","5,838","          1.90","5,740","5,350","          1.07","11,313","6,026","          1.88","5,876","5,437","          1.08","11,300","6,110","          1.85","5,871","5,429","          1.08","11,118","6,140","          1.81","5,782","5,336","          1.08","11,265","6,425","          1.75","5,874","5,391","          1.09","11,325","6,528","          1.73","5,986","5,339","          1.12","11,220","6,531","          1.72","5,978","5,242","          1.14","10,827","6,416","          1.69","5,794","5,033","          1.15","10,755","6,461","          1.66","5,762","4,993","          1.15","10,670","6,452","          1.65","5,735","4,935","          1.16"
"경기도 성남시 수정구 태평1동(4113154000)","17,616","8,999","          1.96","8,942","8,674","          1.03","17,348","9,049","          1.92","8,810","8,538","          1.03","16,595","8,816","          1.88","8,428","8,167","          1.03","15,897","8,594","          1.85","8,066","7,831","          1.03","15,550","8,736","          1.78","7,931","7,619","          1.04","15,395","8,896","          1.73","7,923","7,472","          1.06","15,067","8,815","          1.71","7,816","7,251","          1.08","14,376","8,516","          1.69","7,454","6,922","          1.08","13,906","8,352","          1.66","7,222","6,684","          1.08","13,522","8,221","          1.64","7,005","6,517","          1.07"
"경기도 성남시 수정구 태평2동(4113155000)","16,775","7,640","          2.20","8,502","8,273","          1.03","16,259","7,480","          2.17","8,227","8,032","          1.02","16,344","7,688","          2.13","8,220","8,124","          1.01","16,135","7,806","          2.07","8,095","8,040","          1.01","15,712","7,966","          1.97","7,890","7,822","          1.01","15,402","7,984","          1.93","7,759","7,643","          1.02","14,993","7,918","          1.89","7,536","7,457","          1.01","14,430","7,794","          1.85","7,269","7,161","          1.02","14,007","7,658","          1.83","7,077","6,930","          1.02","13,628","7,529","          1.81","6,872","6,756","          1.02"
"경기도 성남시 수정구 태평3동(4113156000)","14,995","6,840","          2.19","7,613","7,382","          1.03","14,727","6,894","          2.14","7,474","7,253","          1.03","14,156","6,779","          2.09","7,184","6,972","          1.03","13,822","6,813","          2.03","7,020","6,802","          1.03","13,556","6,893","          1.97","6,947","6,609","          1.05","13,336","6,909","          1.93","6,857","6,479","          1.06","13,022","6,880","          1.89","6,705","6,317","          1.06","12,442","6,679","          1.86","6,402","6,040","          1.06","11,980","6,519","          1.84","6,162","5,818","          1.06","11,585","6,314","          1.83","5,951","5,634","          1.06"
"경기도 성남시 수정구 태평4동(4113156100)","15,245","6,497","          2.35","7,749","7,496","          1.03","15,116","6,598","          2.29","7,643","7,473","          1.02","14,574","6,587","          2.21","7,361","7,213","          1.02","13,951","6,455","          2.16","7,032","6,919","          1.02","13,539","6,624","          2.04","6,827","6,712","          1.02","13,224","6,683","          1.98","6,698","6,526","          1.03","12,796","6,589","          1.94","6,521","6,275","          1.04","11,908","6,264","          1.90","6,134","5,774","          1.06","11,256","6,046","          1.86","5,808","5,448","          1.07","10,906","5,916","          1.84","5,616","5,290","          1.06"
"경기도 성남시 수정구 수진1동(4113157000)","13,976","7,297","          1.92","7,181","6,795","          1.06","13,606","7,279","          1.87","6,963","6,643","          1.05","13,103","7,179","          1.83","6,724","6,379","          1.05","12,801","7,248","          1.77","6,604","6,197","          1.07","12,595","7,348","          1.71","6,531","6,064","          1.08","12,388","7,353","          1.68","6,472","5,916","          1.09","11,999","7,207","          1.66","6,305","5,694","          1.11","11,564","6,975","          1.66","6,096","5,468","          1.11","11,117","6,787","          1.64","5,893","5,224","          1.13","10,775","6,682","          1.61","5,742","5,033","          1.14"
"경기도 성남시 수정구 수진2동(4113158000)","18,088","7,863","          2.30","9,147","8,941","          1.02","17,887","8,025","          2.23","9,039","8,848","          1.02","17,387","8,013","          2.17","8,744","8,643","          1.01","16,700","7,896","          2.11","8,388","8,312","          1.01","16,110","7,789","          2.07","8,099","8,011","          1.01","15,851","7,822","          2.03","8,018","7,833","          1.02","15,555","7,808","          1.99","7,890","7,665","          1.03","15,015","7,636","          1.97","7,617","7,398","          1.03","14,572","7,520","          1.94","7,365","7,207","          1.02","14,334","7,468","          1.92","7,215","7,119","          1.01"
"경기도 성남시 수정구 단대동(4113159000)","17,008","6,622","          2.57","8,443","8,565","          0.99","16,853","6,649","          2.53","8,368","8,485","          0.99","16,701","6,769","          2.47","8,237","8,464","          0.97","16,283","6,741","          2.42","8,016","8,267","          0.97","15,836","6,776","          2.34","7,831","8,005","          0.98","15,614","6,763","          2.31","7,672","7,942","          0.97","15,173","6,636","          2.29","7,432","7,741","          0.96","14,574","6,528","          2.23","7,168","7,406","          0.97","14,351","6,508","          2.21","7,050","7,301","          0.97","14,162","6,503","          2.18","6,962","7,200","          0.97"
"경기도 성남시 수정구 산성동(4113160000)","14,613","6,670","          2.19","7,491","7,122","          1.05","14,386","6,721","          2.14","7,417","6,969","          1.06","13,768","6,583","          2.09","7,139","6,629","          1.08","13,191","6,366","          2.07","6,782","6,409","          1.06","10,691","5,243","          2.04","5,506","5,185","          1.06","5,372","2,496","          2.15","2,724","2,648","          1.03","4,960","2,268","          2.19","2,514","2,446","          1.03","4,723","2,196","          2.15","2,389","2,334","          1.02","4,561","2,171","          2.10","2,293","2,268","          1.01","4,421","2,091","          2.11","2,212","2,209","          1.00"
"경기도 성남시 수정구 양지동(4113161000)","10,644","4,307","          2.47","5,315","5,329","          1.00","10,427","4,273","          2.44","5,179","5,248","          0.99","10,214","4,270","          2.39","5,063","5,151","          0.98","10,171","4,314","          2.36","5,022","5,149","          0.98","9,992","4,352","          2.30","4,932","5,060","          0.97","9,896","4,376","          2.26","4,903","4,993","          0.98","9,686","4,361","          2.22","4,796","4,890","          0.98","9,331","4,277","          2.18","4,641","4,690","          0.99","9,070","4,248","          2.14","4,475","4,595","          0.97","8,923","4,259","          2.10","4,380","4,543","          0.96"
"경기도 성남시 수정구 복정동(4113162000)","12,241","6,891","          1.78","6,579","5,662","          1.16","12,563","7,275","          1.73","6,755","5,808","          1.16","12,105","7,043","          1.72","6,517","5,588","          1.17","11,579","6,854","          1.69","6,295","5,284","          1.19","11,123","6,752","          1.65","6,122","5,001","          1.22","10,955","6,792","          1.61","6,109","4,846","          1.26","10,722","6,728","          1.59","6,023","4,699","          1.28","10,357","6,568","          1.58","5,803","4,554","          1.27","10,192","6,576","          1.55","5,738","4,454","          1.29","10,453","6,734","          1.55","5,856","4,597","          1.27"
"경기도 성남시 수정구 위례동(4113162500)","24,206","8,473","          2.86","11,879","12,327","          0.96","40,858","14,940","          2.73","20,136","20,722","          0.97","43,776","16,397","          2.67","21,548","22,228","          0.97","45,462","17,127","          2.65","22,356","23,106","          0.97","45,425","17,459","          2.60","22,213","23,212","          0.96","45,333","17,978","          2.52","22,124","23,209","          0.95","43,465","17,412","          2.50","21,214","22,251","          0.95","44,987","18,168","          2.48","21,873","23,114","          0.95","45,787","18,849","          2.43","22,150","23,637","          0.94","45,473","18,782","          2.42","22,014","23,459","          0.94"
"경기도 성남시 수정구 신촌동(4113163000)","4,743","1,814","          2.61","2,473","2,270","          1.09","4,804","1,897","          2.53","2,518","2,286","          1.10","4,880","1,990","          2.45","2,555","2,325","          1.10","4,795","2,005","          2.39","2,514","2,281","          1.10","4,782","2,067","          2.31","2,529","2,253","          1.12","4,661","2,041","          2.28","2,480","2,181","          1.14","4,639","2,029","          2.29","2,483","2,156","          1.15","4,575","2,035","          2.25","2,427","2,148","          1.13","4,512","2,012","          2.24","2,380","2,132","          1.12","4,511","2,014","          2.24","2,392","2,119","          1.13"
"경기도 성남시 수정구 고등동(4113164000)","1,723","867","          1.99","914","809","          1.13","1,814","897","          2.02","934","880","          1.06","1,740","891","          1.95","897","843","          1.06","5,836","2,799","          2.09","2,899","2,937","          0.99","8,607","4,023","          2.14","4,266","4,341","          0.98","10,478","4,686","          2.24","5,199","5,279","          0.98","10,720","4,752","          2.26","5,296","5,424","          0.98","11,876","5,243","          2.27","5,854","6,022","          0.97","11,709","5,252","          2.23","5,733","5,976","          0.96","11,797","5,320","          2.22","5,772","6,025","          0.96"
"경기도 성남시 수정구 시흥동(4113165000)","3,229","1,386","          2.33","1,675","1,554","          1.08","3,371","1,513","          2.23","1,750","1,621","          1.08","3,419","1,591","          2.15","1,789","1,630","          1.10","3,341","1,595","          2.09","1,754","1,587","          1.11","3,264","1,703","          1.92","1,741","1,523","          1.14","3,059","1,624","          1.88","1,612","1,447","          1.11","3,368","1,949","          1.73","1,770","1,598","          1.11","3,397","2,018","          1.68","1,799","1,598","          1.13","3,399","2,040","          1.67","1,803","1,596","          1.13","3,548","2,162","          1.64","1,918","1,630","          1.18"
"경기도 경기도 성남시 중원구 (4113300000)","237,909","101,345","          2.35","120,529","117,380","          1.03","230,366","99,438","          2.32","116,610","113,756","          1.03","224,885","99,495","          2.26","113,912","110,973","          1.03","220,041","99,940","          2.20","111,444","108,597","          1.03","216,131","101,151","          2.14","109,444","106,687","          1.03","210,777","100,328","          2.10","106,772","104,005","          1.03","210,505","100,139","          2.10","106,470","104,035","          1.02","210,848","101,034","          2.09","106,515","104,333","          1.02","206,978","100,556","          2.06","104,382","102,596","          1.02","203,572","99,667","          2.04","102,424","101,148","          1.01"
"경기도 성남시 중원구 성남동(4113351000)","30,809","14,473","          2.13","15,871","14,938","          1.06","32,479","15,515","          2.09","16,708","15,771","          1.06","33,251","16,746","          1.99","17,160","16,091","          1.07","33,402","17,248","          1.94","17,271","16,131","          1.07","33,921","18,085","          1.88","17,558","16,363","          1.07","33,802","18,455","          1.83","17,605","16,197","          1.09","33,317","18,480","          1.80","17,379","15,938","          1.09","32,430","18,307","          1.77","16,989","15,441","          1.10","32,207","18,479","          1.74","16,845","15,362","          1.10","31,835","18,409","          1.73","16,612","15,223","          1.09"
"경기도 성남시 중원구 중앙동(4113352500)","17,740","8,567","          2.07","9,292","8,448","          1.10","15,726","7,619","          2.06","8,261","7,465","          1.11","14,833","7,302","          2.03","7,811","7,022","          1.11","14,454","7,246","          1.99","7,640","6,814","          1.12","14,064","7,223","          1.95","7,463","6,601","          1.13","12,093","5,940","          2.04","6,350","5,743","          1.11","16,205","7,431","          2.18","8,322","7,883","          1.06","16,925","7,676","          2.20","8,655","8,270","          1.05","16,738","7,581","          2.21","8,522","8,216","          1.04","16,585","7,518","          2.21","8,415","8,170","          1.03"
"경기도 성남시 중원구 금광1동(4113353000)","12,726","5,733","          2.22","6,668","6,058","          1.10","8,839","4,028","          2.19","4,630","4,209","          1.10","7,547","3,490","          2.16","3,919","3,628","          1.08","7,210","3,370","          2.14","3,706","3,504","          1.06","7,029","3,329","          2.11","3,621","3,408","          1.06","6,713","3,284","          2.04","3,470","3,243","          1.07","13,063","5,719","          2.28","6,615","6,448","          1.03","19,567","8,239","          2.37","9,667","9,900","          0.98","19,607","8,237","          2.38","9,615","9,992","          0.96","19,608","8,241","          2.38","9,624","9,984","          0.96"
"경기도 성남시 중원구 금광2동(4113354000)","27,958","12,303","          2.27","13,599","14,359","          0.95","26,880","11,971","          2.25","13,086","13,794","          0.95","26,217","11,858","          2.21","12,776","13,441","          0.95","25,359","11,761","          2.16","12,403","12,956","          0.96","24,649","11,795","          2.09","12,056","12,593","          0.96","25,814","12,426","          2.08","12,732","13,082","          0.97","25,399","12,396","          2.05","12,523","12,876","          0.97","24,691","12,243","          2.02","12,195","12,496","          0.98","24,117","12,145","          1.99","11,915","12,202","          0.98","23,438","11,871","          1.97","11,596","11,842","          0.98"
"경기도 성남시 중원구 은행1동(4113355000)","12,174","4,567","          2.67","6,006","6,168","          0.97","11,940","4,531","          2.64","5,894","6,046","          0.97","11,548","4,477","          2.58","5,654","5,894","          0.96","11,072","4,486","          2.47","5,386","5,686","          0.95","10,665","4,533","          2.35","5,200","5,465","          0.95","10,335","4,524","          2.28","5,081","5,254","          0.97","10,066","4,500","          2.24","4,951","5,115","          0.97","9,676","4,427","          2.19","4,763","4,913","          0.97","9,401","4,386","          2.14","4,653","4,748","          0.98","9,289","4,415","          2.10","4,576","4,713","          0.97"
"경기도 성남시 중원구 은행2동(4113356000)","27,555","11,374","          2.42","13,693","13,862","          0.99","27,152","11,351","          2.39","13,498","13,654","          0.99","26,349","11,282","          2.34","13,126","13,223","          0.99","25,350","11,137","          2.28","12,626","12,724","          0.99","24,562","11,267","          2.18","12,221","12,341","          0.99","23,824","11,185","          2.13","11,790","12,034","          0.98","23,184","11,095","          2.09","11,471","11,713","          0.98","22,175","10,898","          2.03","10,953","11,222","          0.98","21,442","10,798","          1.99","10,562","10,880","          0.97","20,978","10,704","          1.96","10,303","10,675","          0.97"
"경기도 성남시 중원구 상대원1동(4113357000)","28,311","11,992","          2.36","14,644","13,667","          1.07","27,927","11,966","          2.33","14,436","13,491","          1.07","27,345","11,998","          2.28","14,176","13,169","          1.08","26,561","12,018","          2.21","13,754","12,807","          1.07","25,874","12,062","          2.15","13,384","12,490","          1.07","25,256","12,175","          2.07","13,098","12,158","          1.08","24,950","12,208","          2.04","12,975","11,975","          1.08","24,336","12,174","          2.00","12,698","11,638","          1.09","23,768","12,146","          1.96","12,385","11,383","          1.09","22,454","11,545","          1.94","11,691","10,763","          1.09"
"경기도 성남시 중원구 상대원2동(4113358000)","16,052","7,602","          2.11","8,282","7,770","          1.07","15,603","7,514","          2.08","8,052","7,551","          1.07","14,987","7,416","          2.02","7,764","7,223","          1.07","14,419","7,302","          1.97","7,496","6,923","          1.08","13,794","7,109","          1.94","7,148","6,646","          1.08","12,901","6,716","          1.92","6,711","6,190","          1.08","5,043","2,709","          1.86","2,691","2,352","          1.14","3,169","1,672","          1.90","1,682","1,487","          1.13","3,048","1,608","          1.90","1,609","1,439","          1.12","2,911","1,523","          1.91","1,506","1,405","          1.07"
"경기도 성남시 중원구 상대원3동(4113359000)","14,123","6,476","          2.18","7,312","6,811","          1.07","13,895","6,519","          2.13","7,206","6,689","          1.08","13,472","6,426","          2.10","6,974","6,498","          1.07","12,977","6,358","          2.04","6,735","6,242","          1.08","12,571","6,461","          1.95","6,573","5,998","          1.10","12,223","6,488","          1.88","6,385","5,838","          1.09","12,258","6,602","          1.86","6,374","5,884","          1.08","11,758","6,460","          1.82","6,159","5,599","          1.10","11,338","6,337","          1.79","5,951","5,387","          1.10","11,054","6,275","          1.76","5,822","5,232","          1.11"
"경기도 성남시 중원구 하대원동(4113366000)","22,472","8,198","          2.74","11,445","11,027","          1.04","22,230","8,275","          2.69","11,321","10,909","          1.04","22,013","8,383","          2.63","11,201","10,812","          1.04","21,488","8,342","          2.58","10,878","10,610","          1.03","21,179","8,408","          2.52","10,688","10,491","          1.02","20,520","8,319","          2.47","10,339","10,181","          1.02","20,048","8,232","          2.44","10,113","9,935","          1.02","19,593","8,154","          2.40","9,882","9,711","          1.02","19,238","8,077","          2.38","9,683","9,555","          1.01","19,542","8,334","          2.34","9,769","9,773","          1.00"
"경기도 성남시 중원구 도촌동(4113367000)","27,989","10,060","          2.78","13,717","14,272","          0.96","27,695","10,149","          2.73","13,518","14,177","          0.95","27,323","10,117","          2.70","13,351","13,972","          0.96","27,749","10,672","          2.60","13,549","14,200","          0.95","27,823","10,879","          2.56","13,532","14,291","          0.95","27,296","10,816","          2.52","13,211","14,085","          0.94","26,972","10,767","          2.51","13,056","13,916","          0.94","26,528","10,784","          2.46","12,872","13,656","          0.94","26,074","10,762","          2.42","12,642","13,432","          0.94","25,878","10,832","          2.39","12,510","13,368","          0.94"
"경기도 경기도 성남시 분당구 (4113500000)","503,830","187,887","          2.68","244,502","259,328","          0.94","500,212","189,142","          2.64","242,435","257,777","          0.94","495,329","190,521","          2.60","240,031","255,298","          0.94","488,005","190,187","          2.57","236,569","251,436","          0.94","482,232","191,052","          2.52","233,759","248,473","          0.94","484,183","194,372","          2.49","234,842","249,341","          0.94","481,553","194,598","          2.47","233,526","248,027","          0.94","472,957","192,178","          2.46","229,126","243,831","          0.94","471,154","192,848","          2.44","228,331","242,823","          0.94","469,833","193,385","          2.43","227,507","242,326","          0.94"
"경기도 성남시 분당구 분당동(4113551000)","28,108","10,414","          2.70","13,714","14,394","          0.95","27,955","10,492","          2.66","13,642","14,313","          0.95","27,379","10,450","          2.62","13,438","13,941","          0.96","26,856","10,341","          2.60","13,217","13,639","          0.97","26,445","10,382","          2.55","13,012","13,433","          0.97","25,713","10,276","          2.50","12,638","13,075","          0.97","25,292","10,196","          2.48","12,413","12,879","          0.96","24,888","10,133","          2.46","12,190","12,698","          0.96","24,497","10,054","          2.44","12,076","12,421","          0.97","24,396","10,044","          2.43","11,993","12,403","          0.97"
"경기도 성남시 분당구 수내1동(4113552000)","18,128","7,210","          2.51","8,675","9,453","          0.92","18,145","7,353","          2.47","8,676","9,469","          0.92","18,226","7,559","          2.41","8,734","9,492","          0.92","18,123","7,621","          2.38","8,668","9,455","          0.92","18,124","7,758","          2.34","8,644","9,480","          0.91","17,620","7,689","          2.29","8,395","9,225","          0.91","17,889","7,782","          2.30","8,480","9,409","          0.90","17,838","7,787","          2.29","8,470","9,368","          0.90","17,801","7,837","          2.27","8,461","9,340","          0.91","17,879","7,886","          2.27","8,526","9,353","          0.91"
"경기도 성남시 분당구 수내2동(4113553000)","11,026","3,300","          3.34","5,359","5,667","          0.95","10,972","3,270","          3.36","5,333","5,639","          0.95","10,863","3,253","          3.34","5,299","5,564","          0.95","10,834","3,246","          3.34","5,287","5,547","          0.95","10,690","3,214","          3.33","5,216","5,474","          0.95","10,478","3,204","          3.27","5,098","5,380","          0.95","10,424","3,196","          3.26","5,087","5,337","          0.95","10,355","3,167","          3.27","5,041","5,314","          0.95","10,455","3,203","          3.26","5,093","5,362","          0.95","10,381","3,194","          3.25","5,099","5,282","          0.97"
"경기도 성남시 분당구 수내3동(4113554000)","15,133","5,431","          2.79","7,492","7,641","          0.98","14,911","5,364","          2.78","7,392","7,519","          0.98","14,540","5,307","          2.74","7,233","7,307","          0.99","14,319","5,256","          2.72","7,087","7,232","          0.98","14,012","5,195","          2.70","6,931","7,081","          0.98","13,729","5,184","          2.65","6,845","6,884","          0.99","13,557","5,199","          2.61","6,773","6,784","          1.00","13,436","5,159","          2.60","6,705","6,731","          1.00","13,300","5,118","          2.60","6,588","6,712","          0.98","13,191","5,108","          2.58","6,536","6,655","          0.98"
"경기도 성남시 분당구 정자동(4113554500)","21,171","8,514","          2.49","10,500","10,671","          0.98","21,013","8,529","          2.46","10,436","10,577","          0.99","20,496","8,325","          2.46","10,166","10,330","          0.98","20,102","8,240","          2.44","9,969","10,133","          0.98","19,721","8,252","          2.39","9,834","9,887","          0.99","19,296","8,242","          2.34","9,670","9,626","          1.00","19,054","8,206","          2.32","9,580","9,474","          1.01","14,284","6,390","          2.24","7,245","7,039","          1.03","13,977","6,301","          2.22","7,113","6,864","          1.04","13,750","6,232","          2.21","6,979","6,771","          1.03"
"경기도 성남시 분당구 정자1동(4113555000)","30,769","13,268","          2.32","14,579","16,190","          0.90","30,997","13,618","          2.28","14,583","16,414","          0.89","31,063","13,843","          2.24","14,600","16,463","          0.89","31,032","13,945","          2.23","14,624","16,408","          0.89","31,031","14,066","          2.21","14,589","16,442","          0.89","30,475","13,975","          2.18","14,339","16,136","          0.89","30,076","13,885","          2.17","14,195","15,881","          0.89","30,248","13,963","          2.17","14,316","15,932","          0.90","30,148","13,978","          2.16","14,296","15,852","          0.90","30,247","14,055","          2.15","14,353","15,894","          0.90"
"경기도 성남시 분당구 정자2동(4113556000)","17,626","7,732","          2.28","8,329","9,297","          0.90","17,383","7,723","          2.25","8,196","9,187","          0.89","16,923","7,750","          2.18","7,976","8,947","          0.89","16,381","7,692","          2.13","7,747","8,634","          0.90","15,954","7,661","          2.08","7,578","8,376","          0.90","15,413","7,542","          2.04","7,298","8,115","          0.90","14,910","7,424","          2.01","7,051","7,859","          0.90","14,614","7,330","          1.99","6,914","7,700","          0.90","14,277","7,261","          1.97","6,792","7,485","          0.91","14,183","7,245","          1.96","6,735","7,448","          0.90"
"경기도 성남시 분당구 정자3동(4113557000)","16,593","6,117","          2.71","7,981","8,612","          0.93","16,440","6,156","          2.67","7,904","8,536","          0.93","16,200","6,196","          2.61","7,818","8,382","          0.93","15,872","6,147","          2.58","7,675","8,197","          0.94","15,555","6,133","          2.54","7,553","8,002","          0.94","16,592","6,477","          2.56","8,045","8,547","          0.94","17,011","6,677","          2.55","8,241","8,770","          0.94","16,897","6,636","          2.55","8,131","8,766","          0.93","16,698","6,620","          2.52","7,999","8,699","          0.92","16,467","6,605","          2.49","7,923","8,544","          0.93"
"경기도 성남시 분당구 서현1동(4113558000)","32,789","12,214","          2.68","15,813","16,976","          0.93","32,742","12,331","          2.66","15,819","16,923","          0.93","32,633","12,439","          2.62","15,732","16,901","          0.93","32,592","12,612","          2.58","15,753","16,839","          0.94","32,363","12,759","          2.54","15,634","16,729","          0.93","31,856","12,746","          2.50","15,399","16,457","          0.94","31,308","12,638","          2.48","15,195","16,113","          0.94","31,021","12,584","          2.47","15,049","15,972","          0.94","30,904","12,662","          2.44","14,986","15,918","          0.94","30,649","12,678","          2.42","14,870","15,779","          0.94"
"경기도 성남시 분당구 서현2동(4113559000)","19,708","6,735","          2.93","9,671","10,037","          0.96","19,615","6,871","          2.85","9,610","10,005","          0.96","19,256","6,820","          2.82","9,430","9,826","          0.96","19,047","6,791","          2.80","9,389","9,658","          0.97","18,784","6,776","          2.77","9,261","9,523","          0.97","18,309","6,717","          2.73","9,052","9,257","          0.98","17,900","6,643","          2.69","8,841","9,059","          0.98","17,759","6,599","          2.69","8,732","9,027","          0.97","17,469","6,569","          2.66","8,624","8,845","          0.98","17,273","6,553","          2.64","8,505","8,768","          0.97"
"경기도 성남시 분당구 이매1동(4113560000)","27,394","9,118","          3.00","13,398","13,996","          0.96","27,104","9,076","          2.99","13,240","13,864","          0.95","26,805","9,086","          2.95","13,138","13,667","          0.96","26,349","9,113","          2.89","12,876","13,473","          0.96","25,960","9,113","          2.85","12,673","13,287","          0.95","25,273","9,023","          2.80","12,338","12,935","          0.95","24,931","8,977","          2.78","12,204","12,727","          0.96","24,845","9,003","          2.76","12,157","12,688","          0.96","24,794","9,038","          2.74","12,110","12,684","          0.95","24,537","9,022","          2.72","11,967","12,570","          0.95"
"경기도 성남시 분당구 이매2동(4113561000)","14,527","4,600","          3.16","7,133","7,394","          0.96","14,475","4,670","          3.10","7,118","7,357","          0.97","14,301","4,631","          3.09","7,040","7,261","          0.97","14,103","4,587","          3.07","6,923","7,180","          0.96","13,759","4,531","          3.04","6,747","7,012","          0.96","13,280","4,449","          2.98","6,471","6,809","          0.95","13,207","4,445","          2.97","6,410","6,797","          0.94","13,146","4,441","          2.96","6,383","6,763","          0.94","12,998","4,406","          2.95","6,353","6,645","          0.96","12,796","4,370","          2.93","6,270","6,526","          0.96"
"경기도 성남시 분당구 야탑1동(4113562000)","18,522","7,527","          2.46","9,078","9,444","          0.96","18,275","7,551","          2.42","8,939","9,336","          0.96","18,227","7,738","          2.36","8,929","9,298","          0.96","17,850","7,666","          2.33","8,820","9,030","          0.98","17,660","7,708","          2.29","8,752","8,908","          0.98","17,231","7,675","          2.25","8,560","8,671","          0.99","17,024","7,623","          2.23","8,414","8,610","          0.98","16,808","7,535","          2.23","8,307","8,501","          0.98","16,647","7,538","          2.21","8,219","8,428","          0.98","16,525","7,545","          2.19","8,144","8,381","          0.97"
"경기도 성남시 분당구 야탑2동(4113563000)","17,802","6,307","          2.82","8,471","9,331","          0.91","17,568","6,300","          2.79","8,408","9,160","          0.92","17,335","6,301","          2.75","8,255","9,080","          0.91","17,102","6,261","          2.73","8,108","8,994","          0.90","16,847","6,246","          2.70","8,019","8,828","          0.91","16,423","6,155","          2.67","7,818","8,605","          0.91","16,093","6,088","          2.64","7,637","8,456","          0.90","15,874","6,034","          2.63","7,495","8,379","          0.89","15,703","6,011","          2.61","7,447","8,256","          0.90","15,564","5,987","          2.60","7,394","8,170","          0.91"
"경기도 성남시 분당구 야탑3동(4113564000)","31,369","12,940","          2.42","15,437","15,932","          0.97","31,219","13,199","          2.37","15,380","15,839","          0.97","30,642","13,242","          2.31","15,122","15,520","          0.97","29,936","13,162","          2.27","14,759","15,177","          0.97","29,151","13,108","          2.22","14,375","14,776","          0.97","28,163","12,939","          2.18","13,859","14,304","          0.97","27,438","12,750","          2.15","13,532","13,906","          0.97","26,838","12,635","          2.12","13,234","13,604","          0.97","26,215","12,514","          2.09","12,881","13,334","          0.97","26,618","12,711","          2.09","13,105","13,513","          0.97"
"경기도 성남시 분당구 판교동(4113565000)","24,116","7,774","          3.10","11,810","12,306","          0.96","24,234","7,882","          3.07","11,855","12,379","          0.96","24,288","7,935","          3.06","11,902","12,386","          0.96","23,943","7,892","          3.03","11,699","12,244","          0.96","23,932","7,915","          3.02","11,718","12,214","          0.96","26,442","8,963","          2.95","12,997","13,445","          0.97","26,515","9,004","          2.94","13,058","13,457","          0.97","26,512","8,999","          2.95","13,016","13,496","          0.96","26,572","9,035","          2.94","13,045","13,527","          0.96","26,365","8,979","          2.94","12,915","13,450","          0.96"
"경기도 성남시 분당구 삼평동(4113565500)","25,864","8,631","          3.00","12,610","13,254","          0.95","25,483","8,641","          2.95","12,407","13,076","          0.95","25,305","8,780","          2.88","12,279","13,026","          0.94","24,887","8,818","          2.82","12,111","12,776","          0.95","24,930","9,133","          2.73","12,156","12,774","          0.95","24,442","9,069","          2.70","11,890","12,552","          0.95","24,229","9,110","          2.66","11,725","12,504","          0.94","23,939","9,058","          2.64","11,582","12,357","          0.94","23,777","9,083","          2.62","11,555","12,222","          0.95","23,593","9,106","          2.59","11,449","12,144","          0.94"
"경기도 성남시 분당구 백현동(4113565700)","29,521","10,109","          2.92","14,389","15,132","          0.95","29,159","10,067","          2.90","14,164","14,995","          0.94","28,729","10,187","          2.82","13,860","14,869","          0.93","28,269","10,200","          2.77","13,634","14,635","          0.93","27,710","10,220","          2.71","13,365","14,345","          0.93","26,907","10,179","          2.64","12,995","13,912","          0.93","26,988","10,340","          2.61","12,999","13,989","          0.93","26,848","10,428","          2.57","12,886","13,962","          0.92","26,472","10,466","          2.53","12,675","13,797","          0.92","26,316","10,535","          2.50","12,538","13,778","          0.91"
"경기도 성남시 분당구 금곡동(4113566200)","30,214","12,143","          2.49","14,330","15,884","          0.90","30,131","12,426","          2.42","14,228","15,903","          0.89","29,675","12,523","          2.37","14,020","15,655","          0.90","29,090","12,474","          2.33","13,690","15,400","          0.89","28,820","12,515","          2.30","13,516","15,304","          0.88","27,934","12,314","          2.27","13,115","14,819","          0.89","27,409","12,156","          2.25","12,900","14,509","          0.89","27,083","12,058","          2.25","12,786","14,297","          0.89","26,904","12,034","          2.24","12,686","14,218","          0.89","26,767","11,997","          2.23","12,591","14,176","          0.89"
"경기도 성남시 분당구 구미1동(4113566500)","18,723","7,107","          2.63","9,073","9,650","          0.94","18,575","7,160","          2.59","8,993","9,582","          0.94","18,373","7,235","          2.54","8,910","9,463","          0.94","18,104","7,256","          2.50","8,812","9,292","          0.95","17,792","7,328","          2.43","8,607","9,185","          0.94","17,173","7,288","          2.36","8,303","8,870","          0.94","16,823","7,164","          2.35","8,157","8,666","          0.94","16,495","7,101","          2.32","7,997","8,498","          0.94","16,182","7,014","          2.31","7,813","8,369","          0.93","16,089","6,937","          2.32","7,762","8,327","          0.93"
"경기도 성남시 분당구 구미동(4113567000)","33,354","13,057","          2.55","16,199","17,155","          0.94","32,971","13,052","          2.53","15,934","17,037","          0.94","32,595","13,219","          2.47","15,674","16,921","          0.93","31,909","13,192","          2.42","15,323","16,586","          0.92","31,413","13,192","          2.38","15,062","16,351","          0.92","30,543","13,183","          2.32","14,612","15,931","          0.92","30,135","13,109","          2.30","14,311","15,824","          0.90","28,673","12,576","          2.28","13,607","15,066","          0.90","28,182","12,524","          2.25","13,350","14,832","          0.90","27,981","12,636","          2.21","13,227","14,754","          0.90"
"경기도 성남시 분당구 운중동(4113568000)","21,373","7,639","          2.80","10,461","10,912","          0.96","20,845","7,411","          2.81","10,178","10,667","          0.95","21,475","7,702","          2.79","10,476","10,999","          0.95","21,305","7,675","          2.78","10,398","10,907","          0.95","21,579","7,847","          2.75","10,517","11,062","          0.95","30,891","11,083","          2.79","15,105","15,786","          0.96","33,340","11,986","          2.78","16,323","17,017","          0.96","34,556","12,562","          2.75","16,883","17,673","          0.96","37,182","13,582","          2.74","18,169","19,013","          0.96","38,266","13,960","          2.74","18,626","19,640","          0.95"
